Content,Subject,Body,Commented
Coverage for All,Aenean leo ligula,"Praesent nonummy mi in odio. Nunc sed turpis. Nam commodo suscipit quam. Donec pede justo, fringilla vel, aliquet nec, vulputate eget, arcu. Praesent turpis.","John Douglas, CFBS"
Life is a Highway,Pellentesque habitant morbi,"Sed magna purus, fermentum eu, tincidunt eu, varius ut, felis. Curabitur ullamcorper ultricies nisi. Praesent nec nisl a purus blandit viverra. Pellentesque commodo eros a enim. Suspendisse faucibus, nunc et pellentesque egestas, lacus ante convallis tellus, vitae iaculis lacus elit id tortor.","Ken Christopher, CFA"
Cover your Assets,Mauris turpis nunc blandit,"Maecenas egestas arcu quis ligula mattis placerat. Nam ipsum risus, rutrum vitae, vestibulum eu, molestie vel, lacus. Pellentesque commodo eros a enim. Proin magna. Suspendisse potenti.","Barrett Richards, MBA, CPA"
Teaching Kids about Money,Donec pede justo fringilla,"Vivamus in erat ut urna cursus vestibulum. Aenean posuere, tortor sed cursus feugiat, nunc augue blandit nunc, eu sollicitudin urna dolor sagittis lacus. Proin pretium, leo ac pellentesque mollis, felis nunc ultrices eros, sed gravida augue augue mollis justo. Nam pretium turpis et arcu. Donec quam felis, ultricies nec, pellentesque eu, pretium quis, sem.","David Walsh, CFBS"
Managing Risk,Fusce pharetra convallis urna,"Nulla neque dolor, sagittis eget, iaculis quis, molestie non, velit. Phasellus viverra nulla ut metus varius laoreet. Aliquam lorem ante, dapibus in, viverra quis, feugiat a, tellus. Aenean massa. Phasellus viverra nulla ut metus varius laoreet.","Jennifer Kyle, CFP, MSFS"
Working with a Financial Professional,Phasellus nec sem in,"Vivamus in erat ut urna cursus vestibulum. In auctor lobortis lacus. Suspendisse faucibus, nunc et pellentesque egestas, lacus ante convallis tellus, vitae iaculis lacus elit id tortor. Praesent ac sem eget est egestas volutpat. Donec interdum, metus et hendrerit aliquet, dolor diam sagittis ligula, eget egestas libero turpis vel mi.","John Douglas, CFBS"
Coverage for All,Ut id nisl quis,Etiam imperdiet imperdiet orci. Aenean vulputate eleifend tellus. Suspendisse eu ligula. Ut varius tincidunt libero. In hac habitasse platea dictumst.,"Ken Christopher, CFA"
Life is a Highway,Quisque libero metus condimentum,Phasellus dolor. Nam eget dui. Nam adipiscing. Vivamus consectetuer hendrerit lacus. Praesent turpis.,"Barrett Richards, MBA, CPA"
Cover your Assets,Nullam cursus lacinia erat,"In hac habitasse platea dictumst. Nam quam nunc, blandit vel, luctus pulvinar, hendrerit id, lorem. In enim justo, rhoncus ut, imperdiet a, venenatis vitae, justo. Fusce neque. Proin magna.","David Walsh, CFBS"
Teaching Kids about Money,Phasellus gravida semper nisi,"Quisque rutrum. Fusce fermentum. Vestibulum purus quam, scelerisque ut, mollis sed, nonummy id, metus. Vivamus elementum semper nisi. Maecenas egestas arcu quis ligula mattis placerat.","Jennifer Kyle, CFP, MSFS"
Managing Risk,Phasellus accumsan cursus velit,"Nam pretium turpis et arcu. Phasellus nec sem in justo pellentesque facilisis. Nullam vel sem. Suspendisse enim turpis, dictum sed, iaculis a, condimentum nec, nisi. Curabitur suscipit suscipit tellus.","Todd Stevens, CFBS, CLTC"
Working with a Financial Professional,Aenean tellus metus bibendum,"Quisque id odio. Vestibulum suscipit nulla quis orci. Fusce vel dui. Duis arcu tortor, suscipit eget, imperdiet nec, imperdiet iaculis, ipsum. Maecenas egestas arcu quis ligula mattis placerat.","Todd Stevens, CFBS, CLTC"
