UUID,Title,Path
f9c8a67a-1bc1-4f05-a1bf-43de70dec29b,"Accueil",/edu
bdf9dd4a-99ef-48dd-953b-8a87bf91f838,"Académiques",/academiques
1e942991-055a-4b7b-a777-f075ecdf5dea,"Admissions",/admissions
ad9344a6-2fd4-4ec6-85d2-dc8c9debb110,"Recherche",/recherche
c9812e39-ae5c-4a25-9851-1962d0a0c1fd,"Campus",/campus
b29f157f-e48b-45b3-b10b-02a4d0df4846,"Athlétisme",/athletisme
167d4d86-4462-4827-b55c-1e18e1ca4df8,"Donnant",/donnat
7a81ff0a-c138-4e52-8dde-d74060d01c5d."Anciens",/anciens
0e2b3659-019e-4feb-9c83-e2803fe4e5a4,"Informations sur l'obtention du diplôme",/diplome
