UUID,Filename
f4bce069-c488-4aa3-a19e-510686036d54,bryan_waldo.jpg
d2d7ac3e-5494-4206-806e-94e46cd064c1,suzy_suchy.jpg
ddf9915c-ae53-4e7a-bf90-b3122e04ef62,marcus_wynn.jpg
c5b6b449-1afc-4913-9058-30698ca72967,mike_moran.jpg
4117657a-5608-45a5-bdca-e172dd419d21,joel_rammelborg.jpg
7a77b4a5-e795-4c11-ae0a-57340c509005,josh_perrino.jpg
90306a57-5778-41be-845d-06c48c940039,austin_powers.jpg
7127f5af-2ee1-4e89-9edb-fbc8c73ee836,manuel_duncan.jpg
e08b54a1-1499-4616-b60e-6aebb48a7e67,gertrude_fields.jpg
77cb7620-b36d-4a1f-bedd-901aa45b4bf1,beatrice_watson.jpg
aedeec99-9917-493e-8601-f6133a5f6553,rafael_bennett.jpg
27dda830-ed5e-4e95-b589-e79d4e7100b0,dean_curtis.jpg
