UUID,Title,Subtitle,Body
cdb4e570-ff8b-4085-91e9-ae50df32ab68,3 Oficina de Tendencias de Diseño Cada Fundador debe saber,tendencias de diseño que se alinean a su empresa para el éxito,"<p>Como uno de los fundadores de inicio, una de sus principales responsabilidades es la de asegurar que su equipo lleva a cabo con la máxima eficacia. Creemos que la piedra angular de la verdadera eficacia del lugar de trabajo es en el diseño de su lugar de trabajo. </p><p>Como todo, el diseño del lugar de trabajo varía con el tiempo. Como las tendencias evolucionan, así es necesario que su oficina, o corre el riesgo de dañar su eficiencia de los empleados. </p><p>Veamos tres grandes tendencias de diseño de oficinas y su impacto en el rendimiento de su equipo. </p>de datos <drupal-entitydata-align='center' data-embed-button='media_browser' data-entity-embed-display='view_mode:media.embedded' data-entity-type='media' data-entity-uuid='63213c8c-6ec0-4c07 -a396-bcf7898b8fe8'></drupal-entity><h2>1. Privacidad en un mundo abierto ejercicio </h2><p>Durante décadas, el diseño de la oficina cubículo dominada, pero a finales de los años 90, surgió una nueva tendencia: la oficina abierta. granjas del cubículo cayeron, dando lugar a las estaciones de trabajo sin paredes o barreras. </p><p>Oficinas abiertas prometían una mayor colaboración y la creatividad, y durante más de una década, la innovación prosperaron. Sin embargo, en los últimos años, ha crecido el descontento del empleado. Más del 90% de los trabajadores en todo el mundo * citar la falta de privacidad como una importante fuente de abatimiento lugar de trabajo. Cuando los empresarios se llevaron el cubículo de paredes, sino que también, al parecer, se llevaron la privacidad de sus empleados. </p><p>oficina de hoy debe permitir momentos de intimidad durante todo el día. A medida que el diseño de su nueva oficina, considere pequeños puestos en los que se establecen unas tablas de dos o cuatro personas. . Esto permitirá una colaboración más íntima o las oportunidades para los empleados individuales para tomar un descanso de sus colegas y se centran en sus propias asignaciones </p><p>Inspírate: <a href=""/product/downtown-collection"">Explore la Colección Estilo Downtown &gt;&gt;</a></p><drupal-entity data-align='center' data-embed-button='media_browser' data-entity-embed-display='view_mode:media.embedded' data-entity-type='media' data-entity-uuid='1296c7ac-0139-4638-85d5-f938e00472fd'></drupal-entity><h2>2. Tecnología integrada </h2><p>A medida que más Millennials hacerse cargo de la fuerza de trabajo (con la Generación Z justo detrás de ellos), integraciones tecnológicas sencillas se convertirá en esencial para cualquier diseño moderno oficina. la fuerza laboral de hoy en día no está atado a una computadora de escritorio o teléfono-los cables han sido cortados. </p><p>Si usted está mirando para maximizar la eficiencia de sus empleados conocedores de la tecnología, considere muebles y diseños que integran la tecnología de la tierra para arriba. Las estaciones de carga inalámbricas mitigarán el cargador olvidado, y las nuevas tecnologías Lifi pronto serán integrados en toda la oficina, dando a los empleados la libertad para moverse y permanecer conectado </p><p>Get Inspired:. <a href=""/product/technology-collection"">Explore la colección estilo Tech &gt; &gt; </a></p><drupal-entity data-align='center' data-embed-button='media_browser' data-entity-embed-display='view_mode:media.embedded' data-entity-type='media' data-entity-uuid='b0d45e22-713d-48a6-9720-c28b8f612324'></drupal-entity><h2>3. Bienestar en el lugar de trabajo </h2><p>Todos sabemos que los programas de bienestar se han convertido en el elemento básico de cualquier paquete de beneficios de los empleados, pero el bienestar es más que asegurar que sus empleados se mantengan fuera saludable de trabajo. Una tendencia creciente es maximizar la salud de sus empleados en el trabajo. </p><p>El constructivas Standard ™ es una iniciativa centrada en la certificación, que Obio suscribe y uno que promueve el bienestar a través de una serie de factores. < / p><p>mesas sentado y de pie mejora la salud y la mente de los empleados (y evitar que sean adictos a la televisión). productos con certificación LEED® también aseguran que está comprando sólo materiales ecológicos, que conducen a una cultura más positiva empresa </p><p>Get Inspired:. <a href=""/product/eco-friendly-collection"">Explore la Colección ecológico Estilo &gt; &gt; </a></p><p>Tener más que añadir a la historia? Déjanos un <a href=""#comments"">comentario.</a></p><h6>Recursos:. <br /><sub>*<a href=""http://www.businessnewsdaily.com/7456-workspace-design-productivity.html"">http://www.businessnewsdaily.com/7456-workspace-design-productivity.html</a></sub></h6>"
c8317f4e-0a58-4922-8095-4a848bfd2f3e,Cumplir con Shawn y ver cómo Casual Collection trabajó para su negocio,Perfil de cliente,"<p>Soy Shawn James, y yo soy el fundador y CEO de Slam Jam Acústica. Somos una compañía de grabación de DJ y software de edición basado en la nube ubicado en Boston, Massachusetts. </p><p>Nuestra empresa es construido por amantes de la música, la fabricación de software increíble para otros amantes de la música. Somos jóvenes, la mayoría de nosotros estamos en los finales de los 20, 30 años de edad. </p><p>Para una empresa hecha de la generación del milenio, Casual apelaciones Colección Estilo de obio a nuestro deseo de trabajar de una manera que se adapte a nuestro estilo de vida y compañía . cultura </p><p>no soy un diseñador; Soy ingeniero y músico. Mis empleados son los mismos. Obio es como una extensión de nuestro equipo, ayudando a diseñar nuestro espacio y forma parte de lo que hace Slam Jam grande. </p>"
51d9f3f2-cbc7-4713-9fbb-f2e062165115,Conoce a Sarah y ver cómo funciona esta colección para su estilo de vida,Perfil de cliente,"<p>soy Sarah Kelly, director de la oficina y coordinador de Bayside Seguros, una compañía de seguros con sede en San Francisco. Junto a la bahía de Seguros ha proporcionado servicios de seguros en el área de la bahía desde hace más de una década, pero recientemente ha abierto una oficina secundaria en Boston. </p><p>Como parte de esa expansión, me mudé a Massachusetts y tenía la tarea de diseño de nuestro nuevo espacio. Había comprado los muebles y el arte para nuestra oficina antes, pero nunca había comenzado desde cero. Un colega recomendado Obio, y yo estaba inmediatamente impresionado con la variedad de colecciones y paquetes Ambiance disponible para mí. </p><p>Nuestra oficina original tenía un aspecto relajado, pero para que coincida con el ambiente profesional de Boston aterricé sobre la recaudación el centro, que encajan perfectamente con nuestra cultura. Nuestros clientes son siempre impresionados cuando visitan, y nuestros empleados les encanta recibir una nueva mirada como parte de nuestro paquete Ambiente Oro. Estamos a punto de entrar en un nuevo espacio en San Francisco, y Obio está en la cima de nuestra lista de proveedores con quien trabajar en el diseño. </p>"
917f8fd4-da66-4bfc-84c1-f5a8d1d49966,Conoce a Thomas y ver cómo funciona esta colección para su negocio,Perfil de cliente,"<p>Thomas Bazzi de mi nombre, y yo fundamos CompuKoozie, una empresa que crea los titulares de cerveza inteligentes que hacen un seguimiento de su ingesta de bebida a través de nuestro compañero de aplicación. Cuando recibimos nuestra primera serie de fondos que queríamos abrir una nueva oficina con un estilo que representa nuestra cultura de empresa. </p><p>Me topé con Obio y fue tomada por la Colección de la vendimia, que me recordaba a mi favorito local bares que me inspiraron para crear originalmente mi producto. Después de revisar nuestras opciones, terminamos yendo con el paquete Platinum Ambiente, que refresca nuestro espacio con nueva decoración cada seis meses. </p><p>Trabajar con Obio ha sido una gran experiencia, y nuestro espacio único ha hecho maravillas con el personal de CompuKoozie. A medida que continuamos creciendo sé que puedo volver a Obio y confiar en ellos para renovar nuestra oficina en cualquier tamaño y en cualquier estilo. </p>"
005a8c97-bb04-40e6-95f0-67e75999e2c5,La limpieza de su huella de carbono en el Trabajo,4 Consejos para crear una oficina de carbono neutral,"<p>El empleado promedio en Estados Unidos consume más de 10.000 hojas de papel cada año - <a href=""http://www.bizjournals.com/buffalo/blog/morning_roundup/2014/05/pulp-fiction-how-many-trees-does-it-take-to-make.html"" target=""_blank"">aproximadamente igual</a> a 1,2 árboles. Con tantos cambios sucediendo con el clima y el medio ambiente de nuestro mundo, todos debemos hacer lo que podamos para reducir el impacto negativo que tenemos en el planeta. </p><p>Pero no hay más que podemos hacer que sólo ahorrar papel. Echa un vistazo a nuestros cuatro consejos para la limpieza de su huella de carbono en el trabajo. </p><h3>1. Reducir el uso de la electricidad </h3><p>Al final de cada jornada de trabajo, apague todos los aparatos electrónicos, especialmente los ordenadores. Los ajustes ""en espera"" o de ""reposo"" todavía consumen mucha electricidad desperdicio. </p><p>Establecer sus ordenadores y otros aparatos electrónicos a sus mejores ajustes posibles de eficiencia. Por ejemplo, la mayoría de los monitores pueden aislarse después de un período de tiempo, digamos 15 minutos, de la ociosidad. </p><p>Apaga la luz en la sala de conferencias o cocinas cuando no esté en uso. Ir un paso más allá e instalar reguladores de voltaje de detección de movimiento para asegurar que nunca se olvida. </p><h3>2. Go Digital, pero si tiene que utilizar papel ... </h3><p>Puede parecer obvio en 2017, pero vale la pena repetirlo: Ir digital. Con tantos servicios disponibles en línea y en la nube, la mayoría de las empresas tienen pocas razones para necesitar nada en la impresión. El almacenamiento digital también hace viajes de negocios y oficinas móviles de una brisa. </p><p>Pero si tiene que usar papel ... tiene que adquirir papel reciclado y ser diligente en lo que se imprime y cómo. Busque impresoras capaces de imprimir a doble cara y comprar cartuchos de tinta recargables. </p><p>Una solución sencilla que utilizamos en Obio (para las raras ocasiones en las que necesitamos para imprimir) es descartar cualquier papel impreso que ya no se necesita en un compartimiento de ""gritos"". Una vez que tenemos suficiente papel ""gritos"", que ellos se unen en los portátiles y el uso de los lados vacíos para tomar notas </p><p>Una última idea:.. Si envía una gran cantidad, utilice su papel triturado como material de embalaje </p><h3>3. Trabajo desde casa </h3><p>El mejor consejo que podemos ofrecer para limpiar su huella de carbono en el trabajo es rediseñar su espacio de oficina con diseños ecológicos. Nuestra colección Estilo respetuoso del medio ambiente, por ejemplo, ofrece mobiliario de oficina a partir de materiales reciclados. Al comprar, buscar certificaciones LEED® en los productos. </p><p>Puede también mejorar su calidad de luz con lámparas de escritorio LED y al permitir que tanta luz natural como sea posible a través de sus ventanas de la oficina (y reduciendo así la necesidad de utilizar luces eléctricas en absoluto) </p><p><a href=""/product/eco-friendly-collection"">INSPÍRATE:. Explora la Colección Estilo ecológico</a></p>"
63cfeb37-8bce-4883-9dfc-a9c72477173f,Cómo contratar y retener empleados con la Oficina de Diseño Perfecto,Los tres componentes clave para el uso de su oficina como una herramienta de reclutamiento,"<p>A medida que el reclutador de recursos humanos para su empresa, ya sabes lo fuerte paquetes de beneficios, rentabilidad de la empresa, y crecimiento de la carrera comprobado todos pueden hacer maravillas para atraer a los mejores candidatos en su industria. Y una vez que a bordo de ellas, se obtiene como la cultura de la empresa, la conciliación y bonificaciones predecibles pueden mantenerlos leales. Pero si tenemos en cuenta todo lo que pasa en el reclutamiento y la retención, ¿con qué frecuencia se piensa en el diseño de su oficina? </p><p>El diseño y el aspecto de su oficina debe ser uno de los principios más esenciales de su estrategia de retención de reclutamiento y . Según el informe del Milenio Impacto 2015, el entorno de su oficina es la cuarta generación del milenio factor más importante para considerar al elegir un trabajo. </p><p>¿Cómo se puede diseñar su oficina para mejorar sus tasas de captación y retención? Recomendamos el diseño de <strong>colaboración </strong>, <strong>flexibilidad y accesibilidad </strong>y <strong>iluminación </strong>. </p><h3>Colaboración </h3><p>Con la tecnología actual, la gente puede elegir si desea trabajar desde su casa o en la oficina. Para aquellos que prefieren este último, la colaboración es el verdadero punto de venta. La gente quiere trabajar con las personas para aprender de ellos y para hacer grandes cosas juntos. El diseño de su oficina, por lo tanto, debe facilitar esa necesidad de reclutar mejor y retener a los empleados. </p><p>Las grandes estaciones de trabajo, mesas de conferencias y salas de descanso fomentarán esta colaboración, pero si usted está buscando nuevas ideas, tenga en cuenta el endeudamiento de las instituciones de educación superior. Sus nuevos empleados milenarias acabamos de pasar al menos cuatro años colaborando en formas creativas, fuera de la caja. Tome un viaje a su universidad local y encontrar la inspiración </p><p><a href=""/product/casual-collection"">INSPÍRATE:. Explorar Nuestra colección Estilo Casual</a></p>< h3>flexibilidad y accesibilidad </h3><p>Todos los empleados desean la libertad de elegir cómo llevar a cabo su trabajo. Nadie quiere que le digan a sentarse en un pequeño cubículo y golpear en un teclado de ocho horas al día, cinco días a la semana. Para proporcionar la flexibilidad a sus empleados merecen, llevar en las estaciones de trabajo en las ruedas. Obtener mesas que permiten a las personalizaciones sentado y de pie, y que vienen con paredes de privacidad retráctiles para los empleados que necesitan tranquila durante la ""hora de la verdad."" También debe considerar proporcionar a los empleados el acceso a los niveles de iluminación de oficinas, control de la temperatura y la ventilación. </p><p>También es necesario tener en cuenta la accesibilidad en el diseño de su oficina. Ya se trate de seguir las leyes del ADA para personas con discapacidad o la prestación de apoyo para las oficinas de varias generaciones, tenga en cuenta los matices y las necesidades de accesibilidad de sus empleados. </p><h3>Aclaración </h3><p>Ha trabajado en algun ventana- menos de oficina? Sintió el zumbido quema de las luces fluorescentes blancas brillantes que lleva hacia abajo en usted? Si se siente cosquilleo de que el estrés sólo leer estas palabras, entonces no debería tener ningún problema para la comprensión de la importancia de la luz natural en la oficina. </p><p>La luz natural se ha demostrado que producen los empleados sean más eficaces y productivos . Por otra parte, las oficinas con luz natural solo se ven bien-no se olvide la importancia de la primera impresión es que los candidatos durante su entrevista. </p><p>Incluso si usted no tiene ventanas de piso a techo, todavía se puede administrar para traer mayor cantidad de luz natural en la oficina como sea posible. Pasa de las persianas o los tienen siempre elaborados de forma predeterminada. Limpiar el desorden en los alféizares. . Incluso puede que desee considerar derribando las paredes interiores y reemplazarlas con particiones acristaladas </p><h3>Conclusión: Diseño competitivo </h3><p>En cada etapa del proceso de contratación, que está compitiendo con otro los empleadores para los mejores candidatos. No todos los puntos de venta está bajo su control (que pueden predecir las fuerzas del mercado económicas con exactitud?). Sin embargo, su oficina es 100% dentro de su poder, y se puede asegurar que cuando un candidato o empleado pasos a través de la puerta, su diseño sopla la competencia de distancia </p><p><a href=""/shop/office"">Inspírate: Explora nuestro estilo Colecciones Hoy</a></p>"
3f2d7116-00e9-44da-abb0-c27bbdb752c6,3 Razones para Nunca dé por satisfecha sobre el diseño de su oficina,Inspirar Creativitiy y atraer a nuevos talentos,"<p>El diseño de una oficina se parece mucho a la compra de un nuevo iPhone. En un principio, no se puede quitar la vista de ella, te gusta explorar los detalles, y que el amor lo bien que se trata de poner juntos. Pero al igual que un iPhone, después de algunos años, es el momento para una actualización. </p><p>Las nuevas tendencias emergen, mientras que viejas tendencias se deslizan lejos en el pasado. La oficina que diseñó hace un año puede no ser tan moderno como lo era antes. Es por eso que hemos creado nuestros Paquetes Ambiance, un servicio basado en suscripción de Obio que nunca deja que su caída diseño de oficinas fuera de moda. </p><p>Todavía no está convencido? Aquí hay tres razones de peso por las que nunca se debe bajar la guardia sobre el diseño de su oficina. </p><h3>1. Grown </h3>de su empresa <p>Cuando se fundó la empresa, que tenían un puñado de empleados leales hacia fuera a través de escritorios y mesas, trabajando todas las horas del día para construir una exitosa nueva puesta en marcha. Debido a que la determinación, usted ha encontrado el éxito y ahora necesita más trabajadores duros para mantener el impulso batido. </p><p>Todo lo que se ha reducido el espacio como los cuerpos que llenan se han multiplicado. Si este escenario suena demasiado familiar, debe tener en cuenta la actualización de su diseño de oficina y diseño. </p><p>Las nuevas estaciones de trabajo permiten más cuerpos sin abarrotar todos como sardinas. Comercio esos escritorios ejecutivos masivas por algo más racional que no comprometa la ergonomía. </p><h3>2. Sus muebles son superados </h3><p>Esa silla de huevo que tiene en la esquina que nadie se sienta en más? Hay una razón para eso. Las modas van y vienen, y el diseño de la oficina no es impermeable. </p><p>Pero no sólo estamos hablando de mesas y sillas. Recuerde que la tecnología juega un papel integral en el aspecto de su oficina y la sensación. Para los clientes que han comprado obio la <a href=""/product/technology-collection"">Colección Estilo Tech</a>, tienen la opción de añadir en paquete ambiente que incluyen el mantenimiento de hardware regular y actualizaciones de software gratuitas. (Más información aquí.) </p></h3>3. Oficinas de sus competidores son imágenes especulares </h3><p>Visitado el de sus competidores oficinas últimamente? Mira un poco familiar? Tal vez es hora de considerar la adición de ""diseño de la oficina"" para su análisis FODA. </p><p>A medida que las tendencias convertido en algo corriente, cada vez más empresas comienzan a robar el uno del otro hasta que cada oficina introduce ve como una extensión de la anterior . </p><p>nuestros Paquetes Ambiance incluyen opciones personalizadas para nuestros clientes. Nuestros especialistas en Ambiance trabajan directamente con nuestros clientes para diseñar y entregar muebles a medida, elementos o las ilustraciones. Como resultado, su oficina es verdaderamente único </p><p><a href=""/shop/office"">INSPÍRATE: Más información sobre nuestros paquetes Ambiance</a></p><p><em>tener más que añadir a la historia? Déjanos un comentario. </em></p>"
6e67a931-4c13-4c0a-bcea-d5cb1cda64b2,El creador joven Quién está cambiando la industria,Acercar el diseño modular para el mundo moderno,"<p>En el mundo del diseño de interiores es fácil seguir lo que las tendencias están de moda, pero muy pocos de fabricación real del paquete con el trabajo creativo y original. Por lo general, estos líderes tienen décadas de experiencia en la industria, pero en raras ocasiones el mundo del diseño ve un joven de tendencias salir de, aparentemente, ninguna parte. </p><p>Este año en el que el diseñador tiene sin duda sido Frederick Chui, un 25 años de trabajo fuera de Los Ángeles para Laviini, una pequeña empresa se centró en mobiliario de oficina inteligente, modular. Chui sólo ha estado trabajando profesionalmente durante tres años, pero ha sido el diseño independiente del mueble desde la edad de 16 años. </p><p>El trabajo Chui está haciendo en Laviini se centra en muebles modulares, que son piezas que se pueden almacenar con facilidad o reutilizados para una variedad de usos. Su primer trabajo en la empresa, el Harmaa, es una gran mesa que incluye cuatro sillas plegables en su parte superior friso. Las sillas también son modulares, y tienen partes posteriores que se puedan plegar hacia abajo en una mesa auxiliar pequeña. </p><p>El trabajo de Chui ha sido reconocido en el mundo profesional en la forma de un Premio Internacional de Innovación Interior y entrevistas en revistas como Siéntese derecho y mate moderno. Ahora, como parte de nuestra asociación con Laviini, Obio es orgulloso de presentar la última Chui diseños en nuestras colecciones y productos. </p><p>Si está interesado en diseños modulares, asegúrese de comprobar nuestra colección minimalista, que incluye la Harmaa y productos similares que pueden adaptarse a un espacio de trabajo de cualquier tipo y tamaño. Para más productos Laviini, asegúrese de echar un vistazo a los elementos individuales o en contacto con nosotros para ver si podemos añadir muebles modulares en su paquete Ambiente existente. </p>"
b9fe7602-4d3a-4ebb-b5ce-aeca22dd05f2,Tomando señales de restaurante de diseño para su hogar u oficina,"Las tendencias más recientes, caliente y recién salido de la cocina","<p>El mundo del diseño del restaurante es tan rápido ritmo y lleno de matices como la propia industria, lo que ha llevado a casa y la oficina de diseño de ver y esperar que las nuevas tendencias se cocinan en el mundo de la alimentación. Nos hemos dado cuenta de esto en Obio, y hemos compilado una lista de nuestros rasgos de diseño preferidos por nuestros clientes y lectores. </p><h3>Haga sus faltas Características </h3><p>Una de las mejores tendencias para hacer estallar este año estaba exponiendo, bueno, todo. Mientras que la última década ha visto un auge en las paredes de ladrillo y tablas de madera no terminados, ahora estamos viendo que cada parte de un espacio que se ve bien en bruto, debe presentarse en bruto. A partir de suelos de hormigón tratados ligeramente para clavar sembrado de madera recuperada, dejando su espacio abierto a la interpretación es a veces mejor que tratar de encubrir sus faltas. Si la oficina o el hogar está en una ubicación histórica, o los inquilinos anteriores, dejó a algunos temas de conversación interesantes detrás, es posible que desee poner el martillo y echar otro vistazo. </p><h3>Arriba, Arriba, y lejos </h3><p>Siguiendo la tendencia de trabajar con su espacio, los restaurantes han comenzado a mirar hacia arriba por su diseño. Si tienes la suerte de entrar en un edificio con techos altos, hay muchas opciones para abordar la forma en que ese espacio vacío. Un enfoque interesante es implementar un revestimiento único en el techo, a menudo algo estructural como papercraft, tela suelta, o un patrón de madera geométrico grande. Al hacer que el techo de una parte de su espacio, y no sólo un lugar donde las luces se cuelgan, usted trae sus huéspedes ojos hacia arriba, hacia áreas que de otra manera pasarían desapercibidas. Si desea inspirar el pensamiento creativo en su familia o el personal, esto es una gran manera de empezar. </p><h3>El salón es Volver </h3><p>iluminación oscura, asientos de cuero felpa, y paneles de madera oscura son todos de vuelta en el estilo como restaurantes comienzan a harken de nuevo a la edad de oro del diseño del salón de mediados de siglo. La implementación de un estilo de estar en su oficina o casa es una gran manera de luchar contra la ola modernista de diseño minimalista, lanzando a sus invitados en el pasado, mientras que el mantenimiento de un nivel de clase. </p>"
2362bf1f-095d-467a-93b9-b4d6f6d414c9,Puede tener un espacio que fomenta la creatividad y la colaboración,Soluciones simples para el pensamiento creativo,"<p>Es fácil quedar atrapado en las tendencias de diseño que empujan un estilo aparentemente fría, un mínimo en los espacios que se supone que siente cálido y acogedor. Si bien hay beneficios de tener una oficina de aspecto moderno, que no tiene que sólo plan espacios puramente funcionales para sus empleados. </p><p>Como una manera de romper al tanto de un entorno corporativo y prevenir la asfixia creativa, muchos arranques han comenzado a implementar espacios experimentales que su personal puede visitar para dejar salir el vapor y entrar en un modo de pensar diferente. Este tipo de espacios, que puede tomar la forma de piscinas de bolas, los columpios, y salas de juego, permiten a los empleados a florecer creativamente y se reúnen en un contexto que sería imposible en una oficina tradicional. </p><p>Si ' re planificación para rediseñar su espacio, o estás empezando desde cero, considere algunas de las siguientes opciones de arranque para promover un lugar de trabajo de mente abierta: </p><p><strong>Bola Pit habitaciones </strong>- Mientras ligeramente práctico, simple adaptación de una de las salas de conferencias en una piscina de bolas puede hacer maravillas para la moral de la oficina. Puede ser un poco ruidoso por teléfono, pero para las reuniones en persona esta es una manera divertida y fácil para empezar </p><p><strong>salas de juego </strong>-. Ya se trate de futbolín o ping-pong , reservando un espacio para el juego es una parte importante de fomento de la creatividad. Los empleados pueden optar por tomar las reuniones de más de un juego, pero también deben saber que tomar un descanso sin pensar en el trabajo es totalmente aceptable, y con el apoyo </p><p><strong>las paredes del tablero blanco </strong>-. Una opción asequible para cualquier oficina es comprar un brillo de borrado en seco y aplicarlo a una pared blanca regular. Esto le permite a su personal de expresarse en cualquier sitio, ya sea que estén haciendo un dibujo o la planificación de un proyecto. </p><p>Para más grandes y re-diseños más grandes ambicioso, Obio ofrece muchos productos individuales y colecciones que pueden ayudar a poner en marcha su espacio creativo. </p>"
fc797ea9-2269-40ad-85e0-da7d82e001ba,La importancia de Accessorizing su escritorio correctamente,Refrescar su espacio de trabajo,"<p>Cuando se piensa en el diseño de su oficina, es fácil olvidar el lugar donde sus empleados van a pasar la mayor parte de su tiempo: su escritorio. Es común para esta área para ser pasado por alto, sobre todo en entornos de oficina abiertos. Mientras que la oficina tradicional tiende a mantener sus cubículos homogénea, hemos encontrado que las áreas de trabajo de los empleados a medida pueden aumentar la asistencia y la moral. </p><p>Además de proporcionar usted con el mobiliario adecuado para su oficina, también le podemos ayudar diversificar sus escritorios con una amplia selección de accesorios. Incluso las modificaciones sencillas en el estilo de su oficina puede hacer que los empleados se sientan únicos y valorado, que es una parte importante del mantenimiento de una cultura de la oficina que motiva a su personal. </p><p>Una perspectiva que, sorprendentemente, a menudo no se considera el escritorio en la compra accesorios es el de sus propios empleados. Antes de saltar en cualquier cosa, llegar a su personal y ver lo que se sienten cómodos. Por ejemplo, algunos empleados pueden ser un apasionado de las plantas de interior, pero sus compañeros de trabajo podrían tener alergias sensibles que les impiden disfrutar vegetación oficina. Recoger la retroalimentación desde el principio en el proceso, y asegúrese de que las decisiones que se toman son para el mejoramiento de toda la oficina.? </p><p>¿Cómo se ve su oficina y se siente al personal y visitantes es una extensión importante de la imagen de su empresa . Cualquier esfuerzo que va a adornistas espacios de trabajo va a ver resultados positivos, ya sea de los empleados que necesitan ese empuje extra para tirar cohetes entrada en el trabajo, o de los visitantes que están recibiendo una primera impresión de su negocio. </p><p >Por supuesto que es fácil tener sus escritorios con accesorios quedan inactivos en el tiempo. Una forma de evitar esto es para traer nuevos elementos como parte de nuestros paquetes Ambiance. Además de la configuración inicial, nuestros expertos en diseño a visitar su oficina y cambiar a cabo la decoración de su edad, con nuestras últimas colecciones en una base mensual o anual. Hemos visto mucho éxito en esta área, y creemos que el mantenimiento de un espacio vibrante y fresco es vital para el éxito del negocio. </p>"
bdfb73e8-d4da-4667-ab50-db1543ba7bf2,"Renovación Must Haves de Nuestra Diseñador Residente, Rachel Liosa","Diseño para la gente, no a los espacios","<p>La renovación de un espacio de oficina puede ser una tarea desalentadora, ya sea que esté cambiando por completo su plan de piso o simplemente intercambiando unas pocas mesas. Trabajando para Obio como diseñador de interiores, me he dado cuenta que la mayoría de las renovaciones encuentran con los mismos problemas de diseño, y quería compartir algunas áreas que a menudo se pasa por alto al iniciar un nuevo diseño de oficina. </p><h3>plan para ampliar </h3><p>con mucho, el mayor supervisión veo al ayudar con la renovación es que el plano de planta propuesto no tiene ningún espacio vacío - cada pie cuadrado es un escritorio, sala de reuniones, o espacio de trabajo compartido. Meticulosamente llenando cada rincón de su plano de planta que está creando para fallar, lo que la mayoría de las oficinas se dan cuenta tan pronto a medida que crecen fuera de su espacio existente. En lugar de jugar al Tetris con su renovación, dar un poco de espacio para respirar. Estas áreas vacías en su oficina puede ser utilizado para eventos, expansión, o para mobiliario fácil de transportar. </p><h3>Privacidad en un espacio abierto </h3><p>Una de las tendencias más grandes de actualización es el piso abierto plan, que tiene como objetivo eliminar los obstáculos (paredes del armario) entre escritorios y aumentar la colaboración entre los empleados. Esta metodología de diseño es muy bien en teoría, pero para algunas funciones las interrupciones y distracciones del lugar de trabajo puede ser perjudicial para la productividad. Si usted va a poner en práctica un plan de piso abierto, no se olvide de incluir espacios privados para sus empleados. Si se trata de salas de reuniones tradicionales, o simplemente oficinas de un solo ocupante, que tiene un lugar tranquilo para trabajar es de vital importancia para un lugar de trabajo feliz. </p><h3>Más de diseño, en virtud utilizada </h3><p>De acuerdo con las tendencias más modernas , renovaciones menudo se incluyen espacios de trabajo, que proporcionan áreas para los empleados para relajarse, trabajar, o se reúnen en común. Si va a incluir una o espacios de trabajo más comunes, se toman el tiempo para hablar con su personal de primera para ver lo que haría realidad utilizar. Si bien esto puede parecer obvio, los diseñadores a menudo siguen los espacios de multitudes y un plan que nadie realmente se necesita en primer lugar. Si su oficina está feliz de trabajar en sus escritorios, puede ser un mejor uso de su presupuesto para mejorar las salas de descanso y cocinas en vez de crear un nuevo espacio compartido. </p><p>En general, el mejor consejo que tengo es dedicar más tiempo a la comprensión de las necesidades de su oficina de diseñar meticulosamente su espacio. Si se puede llegar a un lugar de trabajo que se ve y se siente bien para sus empleados, que ha entregado una renovación exitosa. Buena suerte! </p>"
ab79849a-d078-4a11-8f11-f2f5579ee3da,Vamos a llegar al fondo del Built-Ins: Lea la encuesta,Sacar el máximo provecho de su espacio,"<p>Después de realizar una encuesta de nuestros clientes, hemos encontrado que mientras más se parece a la idea de utilizar muebles empotrados en su espacio de oficinas, que no han visto las soluciones disponibles que se adapten a sus necesidades. Esto fue sorprendente para nosotros, al igual que en el pasado no hemos incluido muebles empotrados en nuestros paquetes o productos. Es evidente que una tendencia está creciendo en el diseño de interiores, y vamos all-in. </p><p>Tradicionalmente, en un entorno de oficina moderna, usted sólo ve muebles empotrados si estaban incluidos originalmente con el espacio o en el forma de algo así como un gabinete de comunicación tamaño de una pared. Sin embargo, a medida que más oficinas comienzan a adoptar un aspecto más de la vendimia, que están buscando de nuevo a diseño clásico de mediados de siglo y volver a la adopción de la incorporada en el que una parte de su espacio. </p><p>Una gran manera de que muebles empotrados pueden ser utilizados en una oficina es facilitar espacio de almacenamiento adicional, donde la construcción de un armario de tamaño completo sería demasiado costoso o permanente. Empotrados tienen un perfil bajo, y pueden enmarcar mobiliario ya existente como sofás y bancos con estantes y armarios. Más allá del almacenamiento, muebles empotrados siempre han servido a un propósito pantalla, y son un método eficaz para mostrar los logros de su empresa, ya sea que vengan en forma de premios o pantallas de los medios de comunicación. </p><p>Como los planos de planta abierta se vuelven cada vez más comunes, muebles empotrados podrían desempeñar un nuevo papel en la forma interior de los diseñadores piensan acerca de los espacios. Con base en esta reciente retroalimentación de los clientes, estamos planeando una nueva línea de soluciones integradas modulares que pueden ampliar la capacidad de almacenamiento y visualización de cualquier espacio, sin la construcción y la poca inversión. Después de nuestra historia de la entrega de diseño dinámico, adaptable para nuestros clientes, estamos planeando incorporar muebles empotrados en nuestros paquetes de Ambiance, que esperamos conducirá a innovaciones más emocionantes. </p><p>Si usted es un Obio cliente o ávido lector de nuestro blog y se perdió el sondeo, Ponte en contacto con nosotros y háganos saber lo que piensa. </p>"
1884b585-42e9-4999-ad00-0ed081eb99fa,La importancia de tener cómodo muebles del vestíbulo,"En el vestíbulo, los clientes deben sentirse como en casa","<p>Para los visitantes, la primera impresión de su empresa, oficina, y la cultura es su vestíbulo. En el diseño de este espacio la gente suele centrarse en la recepción, pantallas de medios de comunicación, y el signo, pero a menudo por alto los muebles. </p><p>Lo ideal es que no sería mantener a sus clientes esperando por mucho tiempo, pero mientras están en el lobby que debe sentirse relajado y acomodado. Tener algo moderno y rígida no va a impresionar a nadie cuando se está sentado, por lo que consideran la inversión en la comodidad de sus invitados presupuestando los mejores muebles del vestíbulo posible. </p><p>En Obio tratamos de equilibrar forma y la moda, trabajando con los proveedores que diseñan para la gente - no imágenes. Esto significa que cada pieza de mobiliario que vendemos ha sido examinado por ambos equipos de diseño exterior e interior, y nuestros muchos clientes felices que hacen hincapié en probar nuestros productos. Es fácil quedar atrapado en el mundo competitivo, modernista del diseño y olvidar que la función más importante de una silla sigue sentado, no se están viendo. </p><p>Con todo esto en mente, instamos a todos los clientes que trabajamos con la creación de un vestíbulo que parece profesional, pero se siente personal. Algo que sus clientes no les importa estar en un rato, y tal vez incluso disfrutar de la espera. Como parte de esta recomendación, también pedimos que todos nuestros clientes probar nuestra muebles cuando lo enviamos, y con mucho gusto aceptamos la regeneración si nuestro productos no hacen que las personas se sientan cómodos y relajados. </p><p>Además de nuestro compromiso con la comodidad y el diseño inicial de su vestíbulo, nuestros paquetes Ambiance puede también le permitirá tener un diseño fresco sobre una base mensual o anual. Tener una nueva mirada puede hacer que su vestíbulo algo que la gente quiere visitar, y un lugar que sus empleados están contentos de caminar a través de cada día. Para obtener más información, póngase en contacto con nosotros o echar un vistazo a través de nuestras colecciones y productos. </p>"